Top pages,Clicks,Impressions,CTR,Position
https://arabfingers.site/,7,52,13.46%,6.12
https://www.arabfingers.site/en/learn/arabic-alphabet-guide,2,1152,0.17%,59.03
https://www.arabfingers.site/en/learn/first-arabic-words,1,164,0.61%,16.95
https://www.arabfingers.site/en/play,1,31,3.23%,17.06
https://www.arabfingers.site/en/learn/arabic-colors,0,391,0%,35.82
https://www.arabfingers.site/en/learn/teaching-arabic-to-kids,0,58,0%,48.97
https://www.arabfingers.site/ar/learn/arabic-colors,0,43,0%,17
https://www.arabfingers.site/ar/learn/first-arabic-words,0,28,0%,28.79
https://www.arabfingers.site/en/printables,0,22,0%,35.36
https://www.arabfingers.site/en/learn/arabic-activities-at-home,0,21,0%,36.62
https://www.arabfingers.site/en/about,0,15,0%,10.27
https://www.arabfingers.site/en/learn/bilingual-children-benefits,0,7,0%,54.86
https://www.arabfingers.site/ar/learn/arabic-alphabet-guide,0,6,0%,30.33
https://www.arabfingers.site/en/learn,0,5,0%,3.6
https://www.arabfingers.site/ar/blog/arabic-alphabet-vs-latin-deep-dive,0,5,0%,12.4
https://www.arabfingers.site/en/terms,0,4,0%,5.25
https://www.arabfingers.site/en/coloring,0,4,0%,32.5
https://www.arabfingers.site/ar,0,3,0%,4.67
https://www.arabfingers.site/en/privacy,0,3,0%,4.67
https://www.arabfingers.site/en/contact,0,3,0%,6.33
https://www.arabfingers.site/en/learn/best-age-to-learn-arabic,0,3,0%,38
https://www.arabfingers.site/ar/learn/teaching-arabic-to-kids,0,1,0%,1
http://arabfingers.site/,0,1,0%,2
https://www.arabfingers.site/,0,1,0%,5
https://www.arabfingers.site/ar/about,0,1,0%,5
https://www.arabfingers.site/ar/learn/gravity,0,1,0%,6
https://www.arabfingers.site/ar/privacy,0,1,0%,6
https://www.arabfingers.site/en,0,1,0%,6
https://www.arabfingers.site/ar/play,0,1,0%,9
https://www.arabfingers.site/ar/coloring,0,1,0%,50