Top queries,Clicks,Impressions,CTR,Position
arabic alphabet,1,232,0.43%,59.37
arabic letters,0,108,0%,63.32
arabic words for kids,0,48,0%,19.52
colors in arabic,0,48,0%,46.44
burtuqaali meaning,0,43,0%,9.79
colours in arabic,0,34,0%,48.09
arabic abjad,0,31,0%,62.58
alphabet arabic,0,25,0%,55.56
arabic letters and,0,22,0%,70.09
arabic language alphabet,0,18,0%,61.94
arabic alphabet in english,0,18,0%,67
colours name in arabic,0,16,0%,44.44
arab alphabet,0,16,0%,59.75
arabic alphabet in order,0,15,0%,60.87
alphabet in arabic,0,14,0%,50
aarabic alphabet,0,14,0%,52
the arabic alphabet,0,14,0%,59.5
arabic alphabet letters,0,14,0%,65.21
arabic colors,0,13,0%,48.15
letters arabic,0,13,0%,60.15
arabic alphabet a to z,0,12,0%,62.33
alfabet arab,0,11,0%,52.91
color in arabic,0,11,0%,58.27
letters in arabic,0,11,0%,64.09
arabic letter,0,11,0%,69.27
colors in arabic for kids,0,10,0%,8.7
arabic alphabets,0,10,0%,56.3
arabic letters in english,0,10,0%,73
arabic colours,0,9,0%,45.22
arabic letters a to z,0,9,0%,61.22
arabic letters of the alphabet,0,9,0%,63.33
yellow in arabic,0,9,0%,73.67
colours in arabic language,0,8,0%,46.62
arabic activities,0,8,0%,61.5
letters in arabic alphabet,0,8,0%,62.5
الابجدية العربية,0,7,0%,39.29
arabic letters for beginners,0,7,0%,44.29
learn arabic alphabet,0,7,0%,49.29
colors in arabic language,0,7,0%,51.71
letter in arabic,0,7,0%,56
جميع الألوان واسمائها بالعربي,0,6,0%,45.5
arabic alphabet order,0,6,0%,55
alphabet arabic alphabet,0,6,0%,55.83
arabic alphabet: a to z,0,6,0%,58.5
arabic letters in arabic,0,6,0%,59.33
how to learn arabic for kids,0,6,0%,83
arabic alphabet for beginners,0,5,0%,37.8
beginning arabic words,0,5,0%,43
arabic colors name,0,5,0%,43.4
arabic colours name,0,5,0%,44.2
arabic alphabet in arabic,0,5,0%,46.4
color name in arabic,0,5,0%,46.6
arabic alphabet arabic,0,5,0%,50
arabic colors names,0,5,0%,50.2
اسماء الالوان بالعربي,0,5,0%,51.8
alphabets in arabic,0,5,0%,56
alphabet letters arabic,0,5,0%,61.2
arabic writing alphabet,0,5,0%,62.2
egyptian arabic letters,0,5,0%,62.8
arabic letters in order,0,5,0%,63
arab alfabet,0,5,0%,63.2
all arabic letters,0,5,0%,64
what does the arabic alphabet look like,0,5,0%,81.4
how to structure arabic lessons for kids,0,5,0%,85.2
how many letters in the arabic language,0,5,0%,90
colours in arabic for kids,0,4,0%,7
الالوان بالعربية,0,4,0%,15.5
الالوان بالعربي,0,4,0%,16.75
حروف ألعربيه,0,4,0%,32.5
colour name in arabic,0,4,0%,38.75
colors name in arabic,0,4,0%,43
my first arabic words,0,4,0%,44
arabic alphabets for beginners,0,4,0%,48
arabic colours names,0,4,0%,52.25
arab color,0,4,0%,57
arabic abc letters,0,4,0%,58.25
all arabic alphabets,0,4,0%,59
letters arabic alphabet,0,4,0%,61.75
arabic letters alphabet,0,4,0%,62.75
arabic alphabet list,0,4,0%,63.25
alphabet of arabic,0,4,0%,63.5
arabic language letters,0,4,0%,69.25
abjad arabic alphabet,0,4,0%,70.25
how many letters are in the arabic alphabet,0,4,0%,87.5
easy arabic words for kids,0,3,0%,7.67
الحروف العربية,0,3,0%,36.33
colors names in arabic,0,3,0%,42.33
arabic abc,0,3,0%,43.67
abc in arabic,0,3,0%,46
arabic alphabet learning,0,3,0%,47
colours arabic,0,3,0%,48.33
alphabet arab,0,3,0%,49.33
learning arabic alphabet,0,3,0%,49.67
how to learn the arabic alphabet,0,3,0%,50.33
learn arabic letters,0,3,0%,50.67
arabic alphabet tracing,0,3,0%,52.33
alphabetical letters in arabic,0,3,0%,54.33
name of colors in arabic,0,3,0%,54.33
arabic alphabets in order,0,3,0%,56.33
all letters in arabic,0,3,0%,57
arab letters,0,3,0%,57
alphabet arabic letters,0,3,0%,58.67
the alphabets in arabic,0,3,0%,58.67
full arabic alphabet,0,3,0%,59.33
middle east alphabet,0,3,0%,59.33
color arabic,0,3,0%,60.67
arabc alphabet,0,3,0%,61
abc arabic letters,0,3,0%,61.33
alphabets of arabic,0,3,0%,61.33
bilingual arabic,0,3,0%,61.67
arabic for children,0,3,0%,63.67
arabic language alphabet letters,0,3,0%,63.67
letters of the alphabet in arabic,0,3,0%,63.67
arabic leters,0,3,0%,64.33
arabisches alphabet,0,3,0%,64.33
the arabic letters,0,3,0%,64.33
all the arabic letters,0,3,0%,64.67
arabic in letters,0,3,0%,64.67
درجات الالوان واسمائها بالعربى,0,3,0%,66.67
teaching arabic to a child,0,3,0%,69
arabic letter names,0,3,0%,69.33
letters in the arabic alphabet,0,3,0%,74.67
arabic language alphabets,0,3,0%,78.33
how many letters in the arabic alphabet,0,3,0%,79.33
what does arabic look like,0,3,0%,80.33
how many letters are there in the arabic alphabet,0,3,0%,87.33
how many letters are in arabic alphabet,0,3,0%,87.67
how many letters are in the arabic language,0,3,0%,89.33
how many letters in arabic alphabet,0,3,0%,91.33
arabic colors for kids,0,2,0%,5
arabic words for kids to learn,0,2,0%,11.5
أسماء الألوان بالعربية,0,2,0%,15.5
الوان بالعربية,0,2,0%,18.5
الالوان باللغة العربية,0,2,0%,19.5
arabic alphabet for children,0,2,0%,28
الأبجدية العربية,0,2,0%,37.5
alphabet en arabe,0,2,0%,38.5
colors arabic,0,2,0%,38.5
arabic alphabet beginners,0,2,0%,42.5
colour names in arabic,0,2,0%,43.5
coloring in arabic,0,2,0%,44.5
أبجدية عربية,0,2,0%,44.5
جميع الالوان واسمائها بالعربي,0,2,0%,44.5
alfabeto arabe,0,2,0%,48
arabic alpahbet,0,2,0%,50.5
الالوان واسمائها,0,2,0%,50.5
names of colors in arabic,0,2,0%,52.5
arabische letters,0,2,0%,54
how to learn arabic alphabet,0,2,0%,54
arabic color,0,2,0%,55.5
arabic tracing letters,0,2,0%,55.5
abcd in arabic language,0,2,0%,56.5
arabic alphabet in all forms,0,2,0%,56.5
brown in arabic,0,2,0%,56.5
arabic alphates,0,2,0%,58.5
alphabet arabisch,0,2,0%,59
arabic alphabets a to z,0,2,0%,60
arabic alphebet,0,2,0%,60
alphabets in arabic language,0,2,0%,61
abjad arab,0,2,0%,62
teaching arabic to children,0,2,0%,62
the arabic letter,0,2,0%,62
what is the arabic alphabet called,0,2,0%,62
arabic alphabet letter,0,2,0%,62.5
alphabet in arabic language,0,2,0%,64
alfabet arabic,0,2,0%,65.5
arabic alphabet letters in english,0,2,0%,65.5
arabic alphabet written,0,2,0%,65.5
arabi letters,0,2,0%,67
arabic alphabet letter names,0,2,0%,68.5
arabic alphabet forms,0,2,0%,69
arabic alphabet all forms,0,2,0%,70.5
how to write the alphabet in arabic,0,2,0%,70.5
first letter of the arabic alphabet,0,2,0%,72.5
arbic letters,0,2,0%,73
abjad arabic,0,2,0%,76.5
colours in arabic and english,0,2,0%,77
show me the arabic alphabet,0,2,0%,79
arabic alphabet number of letters,0,2,0%,81
what is the arabic alphabet,0,2,0%,82
what are arabic letters called,0,2,0%,83
how many letter in the arabic alphabet,0,2,0%,83.5
how many letters arabic alphabet,0,2,0%,85.5
how many letter are in the arabic alphabet,0,2,0%,90
baby arabic words,0,1,0%,6
الوان للاطفال,0,1,0%,6
arabic small words for kids,0,1,0%,9
arabic word for kids,0,1,0%,9
kids arabic words,0,1,0%,9
الألوان بالعربي,0,1,0%,9
arabic tips for toddlers,0,1,0%,10
اسم الالوان بالعربي,0,1,0%,11
الوان بالعربي,0,1,0%,11
violet color in arabic,0,1,0%,12
ألوان بالعربية,0,1,0%,13
الألوان بالعربية,0,1,0%,18
الالوان واسمائها بالعربي,0,1,0%,18
الابجديه,0,1,0%,24
كلمات عربية سهلة للأطفال,0,1,0%,25
جميع الألوان بالعربي,0,1,0%,27
الاحرف العربيه,0,1,0%,28
arabic alphabet for kids,0,1,0%,29
الفباي عربي,0,1,0%,30
arabic letters for kids,0,1,0%,32
أحرف العربية,0,1,0%,32
الحروف العربيه بالترتيب,0,1,0%,33
arab harfleri,0,1,0%,38
كلمات عربية للاطفال,0,1,0%,38
colouring in arabic,0,1,0%,39
arabic color name,0,1,0%,40
alphabet arabe,0,1,0%,41
the colors in arabic,0,1,0%,41
abcd in arabic,0,1,0%,42
all colors in arabic,0,1,0%,42
kalb qitta,0,1,0%,42
ابجدية العربية,0,1,0%,42
ترقيم الحروف العربية,0,1,0%,42
basic arabic words for kids,0,1,0%,44
colours names in arabic,0,1,0%,44
a b c in arabic,0,1,0%,45
abcdefghijklmnopqrstuvwxyz in arabic,0,1,0%,45
arabic color names,0,1,0%,45
trace arabic alphabet,0,1,0%,45
ÿπÿöÿ±ÿà ÿπÿàÿ∂ ÿßÿñÿñÿá,0,1,0%,45
arab abc,0,1,0%,46
name of colours in arabic,0,1,0%,46
egyptian arabic alphabet,0,1,0%,47
learning the arabic alphabet,0,1,0%,47
اسماء جميع الالوان بالعربي,0,1,0%,47
تلوين الحروف,0,1,0%,47
arabic names of colours,0,1,0%,48
arabisk alfabete,0,1,0%,48
arabe alfabeto,0,1,0%,49
arabic alphabet dotted tracing practice pdf,0,1,0%,49
colorful in arabic,0,1,0%,49
alphabet letters in arabic,0,1,0%,50
alphabets arabic,0,1,0%,50
learning alphabet arabic,0,1,0%,50
learning arabic letters,0,1,0%,50
alphabet for arabic,0,1,0%,51
arbi alphabet,0,1,0%,51
arabe alphabet,0,1,0%,52
arabic alohabet,0,1,0%,52
arabic arabic alphabet,0,1,0%,52
pink colour in arabic,0,1,0%,52
arabic letter tracing worksheets pdf,0,1,0%,53
arabic letters tracing,0,1,0%,53
complete arabic alphabet,0,1,0%,53
4th letter of arabic alphabet,0,1,0%,54
all arabic alphabet,0,1,0%,54
arabic alphabet guide,0,1,0%,54
arabic in alphabet,0,1,0%,54
arabic letter tracing,0,1,0%,54
learn arabic characters,0,1,0%,54
arabic alhpabet,0,1,0%,55
arabic alphabetical order,0,1,0%,55
arabic alphabt,0,1,0%,55
arabic alphbet,0,1,0%,55
learn arabic letter,0,1,0%,55
learning arabic words for beginners,0,1,0%,55
arabic alhabet,0,1,0%,56
arabic alphabet characters,0,1,0%,57
arabic colors in english,0,1,0%,57
iraqi arabic alphabet,0,1,0%,57
letter i in arabic,0,1,0%,57
arabic alphabet letters az,0,1,0%,58
color in arabic language,0,1,0%,58
the letters in arabic,0,1,0%,58
arabic activity,0,1,0%,59
arabic alphabet english,0,1,0%,59
arabic alphabeth,0,1,0%,59
letters in arabic language,0,1,0%,59
arabic bilingual,0,1,0%,60
arabic letter alphabet,0,1,0%,60
arabic letter forms,0,1,0%,60
saudi arabia alphabet,0,1,0%,60
4 arabic letter,0,1,0%,61
arabic alfabe,0,1,0%,61
arabic alphabet and numbers,0,1,0%,61
all the letters in arabic,0,1,0%,62
arabian colours,0,1,0%,62
arabic letters in all forms,0,1,0%,62
letters of arabic,0,1,0%,62
written arabic alphabet,0,1,0%,62
arabic alfabet,0,1,0%,64
letter a in arabic alphabet,0,1,0%,64
activity in arabic,0,1,0%,65
colours in arabic masculine and feminine,0,1,0%,65
alphabets of arabic language,0,1,0%,66
arabic language letter,0,1,0%,66
arabic long letters,0,1,0%,66
letter in arabic language,0,1,0%,66
middle eastern alphabet,0,1,0%,67
arabic alphabet az,0,1,0%,68
arabic alphabet beginning middle and end,0,1,0%,69
arabic language alphabet a to z,0,1,0%,69
letters of the arabic alphabet,0,1,0%,69
pink in arabic language,0,1,0%,71
the alphabet arabic,0,1,0%,71
the arabic alphabet in english,0,1,0%,71
arabicletters,0,1,0%,72
pink in arabic,0,1,0%,72
what is the alphabet in arabic,0,1,0%,72
arabic alphabet letters beginning middle end,0,1,0%,73
arabic letters name,0,1,0%,73
aravic letters,0,1,0%,73
color arabian,0,1,0%,73
teal in arabic,0,1,0%,73
what are the arabic alphabet,0,1,0%,73
abc a to z arabic alphabet,0,1,0%,74
alphabet in arabic to english,0,1,0%,74
arabic letters all forms,0,1,0%,74
arabic capital letters,0,1,0%,75
arabic characters,0,1,0%,75
arabic alphabet symbols,0,1,0%,76
arabic to alphabet,0,1,0%,77
tracing arabic letters,0,1,0%,79
arabic letters with english,0,1,0%,80
alphabet letters of arabic to english,0,1,0%,84
arabic teaching for kids,0,1,0%,86
how many letters does the arabic alphabet have,0,1,0%,87
how to write alphabet in arabic,0,1,0%,88
a to z arabic alphabet in english,0,1,0%,90
arabic alphabet how many letters,0,1,0%,91
arabic letters with examples,0,1,0%,91
does arabic have an alphabet,0,1,0%,96
first letter of arabic alphabet,0,1,0%,98
abc's in arabic,0,1,0%,99
arabic language writing system,0,1,0%,99
how old is the arabic language,0,1,0%,99
what alphabet does arabic use,0,1,0%,100